{
  "project_info": {
    "project_number": "351209077854",
    "project_id": "android-lab-1101120",
    "storage_bucket": "android-lab-1101120.appspot.com"
  },
  "client": [
    {
      "client_info": {
        "mobilesdk_app_id": "1:351209077854:android:1b11a9b02931ff8dfe08cf",
        "android_client_info": {
          "package_name": "com.example.shoppingapp"
        }
      },
      "oauth_client": [
        {
          "client_id": "351209077854-rea08pi6abo9pjqm0i5sfafgqg3q9ih5.apps.googleusercontent.com",
          "client_type": 3
        }
      ],
      "api_key": [
        {
          "current_key": "AIzaSyAGmxKX5ZG92cMjYijAneF9a7XeoXVjD0c"
        }
      ],
      "services": {
        "appinvite_service": {
          "other_platform_oauth_client": [
            {
              "client_id": "351209077854-rea08pi6abo9pjqm0i5sfafgqg3q9ih5.apps.googleusercontent.com",
              "client_type": 3
            }
          ]
        }
      }
    }
  ],
  "configuration_version": "1"
}